robot_count,completed_tasks,total_completion_time,average_task_completion_time,throughput,robot_utilization,average_waiting_time,total_distance,blocked_waiting_count
2,100,1082,467.19,0.09242144177449169,0.9981515711645101,0.0,2160,0
4,100,556,237.92,0.17985611510791366,0.9595323741007195,2.25,2134,9
6,100,371,162.64,0.2695417789757412,0.9591194968553459,2.0,2135,12
8,100,289,127.1,0.3460207612456747,0.9264705882352942,4.0,2142,32
